Workbook
Name ACTION: #REF!

Sheet Cover
E2: DATABASE & DOCKER TEST
B4: Project Name | C4: Smart Parking System | F4: Creator | G4: Hoàng Phan
B5: Project Code | C5: N/A | F5: Reviewer/Approver | G5: Pending review
B6: Document Code | D6: Database Docker Test v1.0 | F6: Issue Date | G6: 46307
F7: Version | G7: 1.0
B10: Record of change
B11: Effective Date | C11: Version | D11: Change Item | E11: *A,D,M | F11: Change description | G11: Reference
B12: 46307 | C12: 1.0 | D12: Database/Docker integration verification | E12: M | F12: Adapted from supplied template for assigned database and Docker smoke test. | G12: Assigned task

Sheet Test Report
B1: DATABASE & DOCKER TEST REPORT
B3: Project Name | C3: Smart Parking System | E3: Creator | H3: Hoàng Phan
B4: Project Code | E4: Reviewer/Approver
B5: Document Code | C5: =C4&"_"&"Database Docker Test"&"_"&"v1.0" -> _Database Docker Test_v1.0 | E5: 46307
B6: Notes | C6: Database/Docker integration smoke test. API and business-function testing excluded.
B10: No | C10: Module code | D10: Pass | E10: Fail | F10: Untested | G10: N/A | H10: Number of test cases | I10: % Passed of tests
B11: 1 | C11: Database_Docker | D11: =Database_Docker!C6 -> 6 | E11: =Database_Docker!D6 -> 0 | F11: =Database_Docker!E6 -> 0 | G11: =Database_Docker!F6 -> 2 | H11: =Database_Docker!G6 -> 8 | I11: =Database_Docker!B6 -> 1
C12: Sub total | D12: =SUM(D11:D11) -> 6 | E12: =SUM(E11:E11) -> 0 | F12: =SUM(F11:F11) -> 0 | G12: =SUM(G11:G11) -> 2 | H12: =SUM(H11:H11) -> 8 | I12: =IFERROR(D12/(H12-G12),0) -> 1
C14: Test coverage | E14: 1
C15: Test successful coverage | E15: =IFERROR(D11/(D11+E11),0) -> 1
C16: Test passed percentage | E16: =IFERROR(D12/(D12+E12),0) -> 1

Sheet Test Case List
D1: TEST CASE LIST
B3: Project Name | D3: Smart Parking System
B4: Project Code
B5: Test Environment Setup Description | D5: Docker Desktop Linux containers; PostgreSQL 16-alpine; combined schema integration and remaining-services Compose configuration; legacy DB port 5433; new DB ports 5441-5446.
B8: No | C8: Function Name | D8: Sheet Name | E8: Description | F8: Pre-Condition
B9: 1 | C9: Database_Docker | D9: Database_Docker | E9: Verify that six new database containers run concurrently with the existing database and accept TCP/basic SQL connections. | F9: Docker Desktop running; develop QA worktree available; required environment configuration available locally.

Sheet Database_Docker
B2: Module Code | C2: Database_Docker
B3: Test requirement | C3: Verify database Docker coexistence and basic connectivity
B4: Reference Document | C4: Repository Compose files and database setup scripts on develop
B5: % Passed of tests | C5: Pass | D5: Fail | E5: Untested | F5: N/A | G5: Number of Test cases
B6: =IFERROR(C6/(C6+D6),0) -> 1 | C6: =COUNTIF(G10:G17,"PASS") -> 6 | D6: =COUNTIF(G10:G17,"FAIL") -> 0 | E6: =COUNTIF(G10:G17,"UNTESTED") -> 0 | F6: =COUNTIF(G10:G17,"N/A") -> 2 | G6: =COUNTA(B10:B17) -> 8
B9: ID | C9: Test Case Description | D9: Test Case Procedure | E9: Expected Results | F9: Inter-test case Dependence | G9: Result | H9: Test date | I9: Tester | J9: Number of tests | K9: Passed | L9: % Passed | M9: Note
B10: [DBDOCKER-001] | C10: Validate combined Compose configuration | D10: Run docker compose with compose.schema-integration.yml and scripts/database/compose.remaining-services.yml using --profile remaining and config --quiet. | E10: Compose configuration validates without errors. | F10: None | G10: PASS | H10: 46307 | I10: Hoàng Phan | J10: 1 | K10: 1 | L10: =IF(OR(G10="PASS",G10="FAIL"),K10/J10,"") -> 1 | M10: Configuration validation completed successfully.
B11: [DBDOCKER-002] | C11: Start six new database services together | D11: Run the combined Docker Compose command with --profile remaining up -d --wait. | E11: All six new database containers start and become healthy. | F11: DBDOCKER-001 | G11: PASS | H11: 46307 | I11: Hoàng Phan | J11: 1 | K11: 1 | L11: =IF(OR(G11="PASS",G11="FAIL"),K11/J11,"") -> 1 | M11: User, Parking, Reservation, Payment, Notification, and IoT database containers reported healthy.
B12: [DBDOCKER-003] | C12: Verify concurrent operation with the legacy database | D12: Inspect docker ps after startup. | E12: Legacy database and all six new database containers are running concurrently. | F12: DBDOCKER-002 | G12: PASS | H12: 46307 | I12: Hoàng Phan | J12: 1 | K12: 1 | L12: =IF(OR(G12="PASS",G12="FAIL"),K12/J12,"") -> 1 | M12: smartparking_db and all six smartpark-schema database containers were running.
B13: [DBDOCKER-004] | C13: Verify published TCP ports | D13: Run Test-NetConnection to 127.0.0.1 on ports 5433 and 5441-5446. | E13: All seven database ports accept TCP connections. | F13: DBDOCKER-002 | G13: PASS | H13: 46307 | I13: Hoàng Phan | J13: 1 | K13: 1 | L13: =IF(OR(G13="PASS",G13="FAIL"),K13/J13,"") -> 1 | M13: TcpConnect=True for all seven tested ports.
B14: [DBDOCKER-005] | C14: Verify basic SQL connectivity | D14: Run psql SELECT 1; against the legacy database and each of the six new databases. | E14: Each database accepts the connection and returns 1. | F14: DBDOCKER-002 | G14: PASS | H14: 46307 | I14: Hoàng Phan | J14: 1 | K14: 1 | L14: =IF(OR(G14="PASS",G14="FAIL"),K14/J14,"") -> 1 | M14: All seven database query checks returned 1.
B15: [DBDOCKER-006] | C15: Inspect current User DB health and recent logs | D15: Inspect the current container health status and recent log window. | E15: Current health is healthy and no current failure is indicated by the inspected recent log window. | F15: DBDOCKER-002 | G15: PASS | H15: 46307 | I15: Hoàng Phan | J15: 1 | K15: 1 | L15: =IF(OR(G15="PASS",G15="FAIL"),K15/J15,"") -> 1 | M15: User DB health was healthy with failing streak 0; recent logs included the ready-for-connections message.
B16: [DBDOCKER-007] | C16: Verify fresh-volume initialization and full schema | D16: Review startup logs and volume reuse evidence. | E16: Fresh-volume initialization and full schema validation are not confirmed unless the checks are executed. | F16: Not applicable to the smoke-test result | G16: N/A | H16: 46307 | I16: Hoàng Phan | J16: 1 | K16: 0 | L16: =IF(OR(G16="PASS",G16="FAIL"),K16/J16,"") | M16: Existing data directory was reused; initialization was skipped. Full schema/fresh-volume checks were not performed.
B17: [DBDOCKER-008] | C17: Validate full setup.ps1 workflow | D17: The full setup.ps1 workflow was not executed. Record this test as N/A based on the actual test scope. | E17: Report accurately states whether the full setup workflow was executed. | F17: Not applicable to the smoke-test result | G17: N/A | H17: 46307 | I17: Hoàng Phan | J17: 1 | K17: 0 | L17: =IF(OR(G17="PASS",G17="FAIL"),K17/J17,"") | M17: The full setup.ps1 workflow was not executed; direct Compose and database checks were used.
